-- phpMyAdmin SQL Dump
-- version 5.2.0
-- https://www.phpmyadmin.net/
--
-- Host: localhost:3306
-- Server version: 8.0.46
-- PHP Version: 8.2.27

SET SQL_MODE = "NO_AUTO_VALUE_ON_ZERO";
START TRANSACTION;
SET time_zone = "+00:00";
SET FOREIGN_KEY_CHECKS = 0;

/*!40101 SET @OLD_CHARACTER_SET_CLIENT=@@CHARACTER_SET_CLIENT */;
/*!40101 SET @OLD_CHARACTER_SET_RESULTS=@@CHARACTER_SET_RESULTS */;
/*!40101 SET @OLD_COLLATION_CONNECTION=@@COLLATION_CONNECTION */;
/*!40101 SET NAMES utf8mb4 */;

--
-- Database: `kurasi`
--

-- --------------------------------------------------------
-- Dumping data for table `alternatif`
-- --------------------------------------------------------

INSERT INTO `alternatif` (`id_alternatif`, `nama_produk`, `nama_brand_umkm`, `nama_pemilik`, `deskripsi_produk`, `foto_produk`, `is_aktif`, `created_at`, `updated_at`) VALUES
(1, 'Keripik Udang Rasa Prima', 'Kedai Faraisyah', 'Ernie Yusnita', '-', 'produk/import_1780722383_6a23aacfc86ab.png', 1, '2026-06-06 05:06:23', '2026-06-05 22:06:24'),
(2, 'Belinjo Kerang', 'Aesuka kerupuk', 'Sutiasih', '-', 'produk/import_1780722383_6a23aacfd9f78.png', 1, '2026-06-06 05:06:23', '2026-06-05 22:06:24'),
(3, 'Kerupuk Kerang', 'Aesuka kerupuk', 'Sutiasih', '-', 'produk/import_1780722383_6a23aacfdc563.png', 1, '2026-06-06 05:06:23', '2026-06-05 22:06:24'),
(4, 'Rengginang Udang', 'Aesuka kerupuk', 'Sutiasih', '-', 'produk/import_1780722383_6a23aacfde098.png', 1, '2026-06-06 05:06:23', '2026-06-05 22:06:24'),
(5, 'Peyek Koin Kacang Ijo', 'Yugi Family Home', 'Sugito', '-', 'produk/import_1780722383_6a23aacfe04ef.png', 1, '2026-06-06 05:06:23', '2026-06-05 22:06:24'),
(6, 'Lapeyek Kacang Tanah', 'PT.Virgo Barokah Food', 'Khoiriyah', '-', 'produk/import_1780722383_6a23aacfe23d4.png', 1, '2026-06-06 05:06:23', '2026-06-05 22:06:24'),
(7, 'Keripik Daun Singkong Kasabi Original', 'Raose Eco', 'Nurul Hidayati', '-', 'produk/import_1780722383_6a23aacfe4bbd.png', 1, '2026-06-06 05:06:23', '2026-06-05 22:06:24'),
(8, 'Chocochips Cookies Kacang', 'Amorys Brownies & Cookies', 'Sarifah Tussaddiyah', '-', 'produk/import_1780722383_6a23aacfe6c7b.png', 1, '2026-06-06 05:06:23', '2026-06-05 22:06:24'),
(9, 'Mie Lidi Mecucu Pedas Manis', 'Mie Mecucu', 'Amin Tojoyo', '-', 'produk/import_1780722383_6a23aacfe8b0d.png', 1, '2026-06-06 05:06:23', '2026-06-05 22:06:24'),
(10, 'Trisip Stick Keju', 'CV.Trisip', 'Giri Triangga Sasongko', '-', 'produk/import_1780722383_6a23aacfeb090.png', 1, '2026-06-06 05:06:23', '2026-06-05 22:06:24'),
(11, 'Trisip Peyek Kacang Ijo', 'CV.Trisip', 'Giri Triangga Sasongko', '-', 'produk/import_1780722383_6a23aacfed48e.png', 1, '2026-06-06 05:06:23', '2026-06-05 22:06:24'),
(12, 'Sky Nobie Banana Chips', 'CV. Tiga Putra Berdikari', 'Rini Dwi Astuti', '-', 'produk/import_1780722383_6a23aacfefe42.png', 1, '2026-06-06 05:06:23', '2026-06-05 22:06:24'),
(13, 'Olaiser Wader Crispy Original', 'PT Fish Crispy Riz', 'Desy Arisijanti', '-', 'produk/import_1780722383_6a23aacff27d8.png', 1, '2026-06-06 05:06:23', '2026-06-05 22:06:24'),
(14, 'Olaiser Wader Crispy Pedas', 'PT Fish Crispy Riz', 'Desy Arisijanti', '-', 'produk/import_1780722384_6a23aad001b46.png', 1, '2026-06-06 05:06:24', '2026-06-05 22:06:24'),
(15, 'Olaiser Udang Crispy Original', 'PT Fish Crispy Riz', 'Desy Arisijanti', '-', 'produk/import_1780722384_6a23aad003f73.png', 1, '2026-06-06 05:06:24', '2026-06-05 22:06:24'),
(16, 'Olaiser Udang Crispy Daun Jeruk', 'PT Fish Crispy Riz', 'Desy Arisijanti', '-', 'produk/import_1780722384_6a23aad005a2b.png', 1, '2026-06-06 05:06:24', '2026-06-05 22:06:24'),
(17, 'Okbrow Brownie Chips', 'PT. Erlisa Food Gemilang', 'Hery Septianto', '-', 'produk/import_1780722384_6a23aad007a07.png', 1, '2026-06-06 05:06:24', '2026-06-05 22:06:24'),
(18, 'Kripik Gadung', 'Alfaris Jaya', 'Diah Andika Sari', '-', 'produk/import_1780722384_6a23aad009824.png', 1, '2026-06-06 05:06:24', '2026-06-05 22:06:24'),
(19, 'Keripik Singkong', 'Wiliyah Food', 'Wiliyah Wiji Astutik', '-', 'produk/import_1780722384_6a23aad00ba6f.png', 1, '2026-06-06 05:06:24', '2026-06-05 22:06:24'),
(20, 'Keripik Pisang Manis Visang Raja Nangka', 'Wiliyah Food', 'Wiliyah Wiji Astutik', '-', 'produk/import_1780722384_6a23aad00dde7.png', 1, '2026-06-06 05:06:24', '2026-06-05 22:06:24'),
(21, 'Kerupuk Anti Kolestrol', 'Wiliyah Food', 'Wiliyah Wiji Astutik', '-', 'produk/import_1780722384_6a23aad00fdbf.png', 1, '2026-06-06 05:06:24', '2026-06-05 22:06:24'),
(22, 'Keripik Gadung', 'Wiliyah Food', 'Wiliyah Wiji Astutik', '-', 'produk/import_1780722384_6a23aad0122bf.png', 1, '2026-06-06 05:06:24', '2026-06-05 22:06:24'),
(23, 'Keripik Tempe Sagu', 'Wiliyah Food', 'Wiliyah Wiji Astutik', '-', 'produk/import_1780722384_6a23aad014532.png', 1, '2026-06-06 05:06:24', '2026-06-05 22:06:24'),
(24, 'Stik Kelor', 'Indra Jaya', 'Kurdya Indrawati', '-', 'produk/import_1780722384_6a23aad0168a7.png', 1, '2026-06-06 05:06:24', '2026-06-05 22:06:24'),
(25, 'Rengginang Kupang', 'Kupang Jaya', 'Imam Syafii', '-', 'produk/import_1780722384_6a23aad018498.png', 1, '2026-06-06 05:06:24', '2026-06-05 22:06:24'),
(26, 'Kupang Krispy pedas', 'Kupang Jaya', 'Imam Syafii', '-', 'produk/import_1780722384_6a23aad019e90.png', 1, '2026-06-06 05:06:24', '2026-06-05 22:06:24'),
(27, 'Lidah Kucing Meses', 'Argya Cookies', 'Ria Indah Puspita Sari', '-', 'produk/import_1780722384_6a23aad01c1af.png', 1, '2026-06-06 05:06:24', '2026-06-05 22:06:24'),
(28, 'Umiik Snack Stik Ikan', 'Linda Barokah', 'Sumarno', '-', 'produk/import_1780722384_6a23aad01dab5.png', 1, '2026-06-06 05:06:24', '2026-06-05 22:06:24'),
(29, 'Stik Keju', 'Linda Barokah', 'Sumarno', '-', 'produk/import_1780722384_6a23aad01fa07.png', 1, '2026-06-06 05:06:24', '2026-06-05 22:06:24'),
(30, 'Rengginang Ori, Terasi, Udang, Cumi (kecil)', 'Linda Barokah', 'Sumarno', '-', 'produk/import_1780722384_6a23aad021b80.png', 1, '2026-06-06 05:06:24', '2026-06-05 22:06:24'),
(31, 'Luring Lumpia Kering Mix Flavour', 'Njajan Booz', 'Alfiyaturrohma', '-', 'produk/import_1780722384_6a23aad0247c2.png', 1, '2026-06-06 05:06:24', '2026-06-05 22:06:24'),
(32, 'Kacang Pedas Hot Super', 'Dapoer B\'cik', 'Rahmi Aulia', '-', 'produk/import_1780722384_6a23aad026701.png', 1, '2026-06-06 05:06:24', '2026-06-05 22:06:24'),
(33, 'Jeha Ting Ting Jahe', 'Wanna B Food', 'Ana Sulistiawati', '-', 'produk/import_1780722384_6a23aad02904b.png', 1, '2026-06-06 05:06:24', '2026-06-05 22:06:24'),
(34, 'Keripik Kulit Ikan Pedas', 'CV. Amalia Yudha Jaya', 'Rini Rifkiyah', '-', 'produk/import_1780722384_6a23aad02a8f7.png', 1, '2026-06-06 05:06:24', '2026-06-05 22:06:24'),
(35, 'Keripik Gulung Kuku Kucing', 'UD. Jagoan Berkah', 'Hadiantono', '-', 'produk/import_1780722384_6a23aad02c896.png', 1, '2026-06-06 05:06:24', '2026-06-05 22:06:24'),
(36, 'Basreng Pedas Daun Jeruk', 'Pawon Khansa', 'Elly Supriyanti', '-', 'produk/import_1780722384_6a23aad02e2bd.png', 1, '2026-06-06 05:06:24', '2026-06-05 22:06:24'),
(37, 'Kacang Karamel Original', 'RR,99', 'Kiptiyah', '-', 'produk/import_1780722384_6a23aad030164.png', 1, '2026-06-06 05:06:24', '2026-06-05 22:06:24'),
(38, 'Kerupuk Non Kolesterol', 'Fajoyo Berkah', 'Fina Hidayati', '-', 'produk/import_1780722384_6a23aad03183a.png', 1, '2026-06-06 05:06:24', '2026-06-05 22:06:24'),
(39, 'Kerupuk Telur Asin', 'Maquqa', 'Panca Elok Wahyufitri', '-', 'produk/import_1780722384_6a23aad0331db.png', 1, '2026-06-06 05:06:24', '2026-06-05 22:06:24'),
(40, 'Onde onde Pecah', 'Dapoer Vene', 'Vendik Eko Purnawansah', '-', 'produk/import_1780722384_6a23aad0351ff.png', 1, '2026-06-06 05:06:24', '2026-06-05 22:06:24'),
(41, 'Kue Kacang', 'UD SAFAAT KUKER', 'Eva Novita', '-', 'produk/import_1780722384_6a23aad036df5.png', 1, '2026-06-06 05:06:24', '2026-06-05 22:06:24'),
(42, 'Bugo Bites', 'Jafana Food', 'Choirunita Ulvia', '-', 'produk/import_1780722384_6a23aad039414.png', 1, '2026-06-06 05:06:24', '2026-06-05 22:06:24'),
(43, 'Kue Tambang', 'Boonies Snacks', 'Amilia Muchayadah', '-', 'produk/import_1780722384_6a23aad03c09c.png', 1, '2026-06-06 05:06:24', '2026-06-05 22:06:24'),
(44, 'Coklat Batang', 'al al wa snack Sidoarjo', '-', '-', 'produk/import_1780722384_6a23aad03dd9c.png', 1, '2026-06-06 05:06:24', '2026-06-05 22:06:24'),
(45, 'Wafer Coklat', 'al al wa snack Sidoarjo', '-', '-', 'produk/import_1780722384_6a23aad03f995.png', 1, '2026-06-06 05:06:24', '2026-06-05 22:06:24'),
(46, 'Coklat Payung', 'al al wa snack Sidoarjo', '-', '-', 'produk/import_1780722384_6a23aad0415e1.png', 1, '2026-06-06 05:06:24', '2026-06-05 22:06:24'),
(47, 'Keripik Pare', 'UD Madani Makmur', 'Lailiatul Khodriyah', '-', 'produk/import_1780722384_6a23aad0432ec.png', 1, '2026-06-06 05:06:24', '2026-06-05 22:06:24'),
(48, 'Rengginang Rasa Udang', 'SILETI Sidoarjo', 'Moga Jiwa Satria Mulia', '-', 'produk/import_1780722384_6a23aad045298.png', 1, '2026-06-06 05:06:24', '2026-06-05 22:06:24'),
(49, 'Rengginang Original', 'SILETI Sidoarjo', 'Moga Jiwa Satria Mulia', '-', 'produk/import_1780722384_6a23aad0470c4.png', 1, '2026-06-06 05:06:24', '2026-06-05 22:06:24'),
(50, 'Rengginang Kupang Toples', 'Kupang Nusantara', 'Ita Puspa Anggrainy', '-', 'produk/import_1780722384_6a23aad04918a.png', 1, '2026-06-06 05:06:24', '2026-06-05 22:06:24');

-- --------------------------------------------------------
-- Dumping data for table `alternatif_legalitas`
-- --------------------------------------------------------

INSERT INTO `alternatif_legalitas` (`id_legalitas`, `id_alternatif`, `is_nib`, `no_nib`, `is_bpom`, `no_bpom`, `is_sp_pirt`, `no_sp_pirt`, `is_sertifikat_halal`, `no_sertifikat_halal`, `lolos_filter`, `keterangan`, `updated_at`) VALUES
(1, 1, 1, '2802240029017', 0, NULL, 1, '2053515021872-29', 1, 'ID35410023959200725', 1, NULL, '2026-06-06 05:06:24'),
(2, 2, 1, '1405260031842', 0, NULL, 1, '2023515071140-30', 1, 'ID35110000337310600', 1, NULL, '2026-06-06 05:06:24'),
(3, 3, 1, '1405260031842', 0, NULL, 1, '2023515021140-30', 1, 'ID35110000337310600', 1, NULL, '2026-06-06 05:06:24'),
(4, 4, 1, '1405260031842', 0, NULL, 1, '2023515031140-30', 1, 'ID35110000337310600', 1, NULL, '2026-06-06 05:06:24'),
(5, 5, 1, '0502260026955', 0, NULL, 1, '2113515081351-30', 1, 'ID35110000500480922', 1, NULL, '2026-06-06 05:06:24'),
(6, 6, 1, '2701250019476', 0, NULL, 1, '2053515021845-27', 1, 'ID35410032565201125', 1, NULL, '2026-06-06 05:06:24'),
(7, 7, 1, '1298000421601', 0, NULL, 1, '5043515040076-27', 1, 'ID35110000955581022', 1, NULL, '2026-06-06 05:06:24'),
(8, 8, 1, '2410210006957', 0, NULL, 1, '2053515081195-28', 1, 'ID35110015711720324', 1, NULL, '2026-06-06 05:06:24'),
(9, 9, 1, '0812230045129', 0, NULL, 1, '8053515061365-28', 1, 'ID35110018214141223', 1, NULL, '2026-06-06 05:06:24'),
(10, 10, 1, '0502260026955', 0, NULL, 1, '5073515052212-28', 1, 'ID35210000238100522', 1, NULL, '2026-06-06 05:06:24'),
(11, 11, 1, '0502260026955', 0, NULL, 1, '5053515032604-28', 1, 'ID35210000238100522', 1, NULL, '2026-06-06 05:06:24'),
(12, 12, 1, '0910210002776', 0, NULL, 1, '7043515021415-29', 1, 'ID35110000433450822', 1, NULL, '2026-06-06 05:06:24'),
(13, 13, 1, '2112210000261', 0, NULL, 1, '5023515011302-28', 1, 'ID35110030207671025', 1, NULL, '2026-06-06 05:06:24'),
(14, 14, 1, '2112210000261', 0, NULL, 1, '5023515011302-28', 1, 'ID35110030207671025', 1, NULL, '2026-06-06 05:06:24'),
(15, 15, 1, '2112210000261', 0, NULL, 1, '5023515021302-28', 1, 'ID35110030207671025', 1, NULL, '2026-06-06 05:06:24'),
(16, 16, 1, '2112210000261', 0, NULL, 1, '5023515021302-28', 1, 'ID35110030207671025', 1, NULL, '2026-06-06 05:06:24'),
(17, 17, 1, '2608210023258', 0, NULL, 1, '5053515011549-28', 1, 'ID35110014200801223', 1, NULL, '2026-06-06 05:06:24'),
(18, 18, 1, '0201230017099', 0, NULL, 1, '2113515011715-28', 1, 'ID35110010435561023', 1, NULL, '2026-06-06 05:06:24'),
(19, 19, 1, '2402220040134', 0, NULL, 1, '2043515021064-28', 1, 'ID35110000945610922', 1, NULL, '2026-06-06 05:06:24'),
(20, 20, 1, '2402220040134', 0, NULL, 1, '2043515021064-28', 1, 'ID35110013141121023', 1, NULL, '2026-06-06 05:06:24'),
(21, 21, 1, '2402220040134', 0, NULL, 1, '2043515021064-28', 1, 'ID35110013141121023', 1, NULL, '2026-06-06 05:06:24'),
(22, 22, 1, '2402220040134', 0, NULL, 1, '2043515021064-28', 1, 'ID35110000679641122', 1, NULL, '2026-06-06 05:06:24'),
(23, 23, 1, '2402220040134', 0, NULL, 1, '2043515021064-28', 1, 'ID35110013141121023', 1, NULL, '2026-06-06 05:06:24'),
(24, 24, 1, '9120201872325', 0, NULL, 1, '5053515070449-27', 1, 'ID35110000191161121', 1, NULL, '2026-06-06 05:06:24'),
(25, 25, 1, '1239000433507', 0, NULL, 1, '2023515060597-30', 1, 'ID35110004965390623', 1, NULL, '2026-06-06 05:06:24'),
(26, 26, 1, '1239000433507', 0, NULL, 1, '2023515090597-31', 1, 'ID35110000744231022', 1, NULL, '2026-06-06 05:06:24'),
(27, 27, 1, '1103220029581', 0, NULL, 1, '2023515070597-31', 1, 'ID35110001420961022', 1, NULL, '2026-06-06 05:06:24'),
(28, 28, 1, '1207000371705', 0, NULL, 1, '2023515060839-30', 1, 'ID35110000524020622', 1, NULL, '2026-06-06 05:06:24'),
(29, 29, 1, '1207000371705', 0, NULL, 1, '2023515060839-30', 1, 'ID35110000524020622', 1, NULL, '2026-06-06 05:06:24'),
(30, 30, 1, '1207000371705', 0, NULL, 1, '2023515080839-31', 1, 'ID35110000524020622', 1, NULL, '2026-06-06 05:06:24'),
(31, 31, 1, '2007220052827', 0, NULL, 1, '5053515032584-30', 1, 'ID35110016201301123', 1, NULL, '2026-06-06 05:06:24'),
(32, 32, 1, '1272000562542', 0, NULL, 1, '6113515080584-28', 1, 'ID35110000816120822', 1, NULL, '2026-06-06 05:06:24'),
(33, 33, 1, '1256000552407', 0, NULL, 1, '5073515052246-30', 1, 'ID35110000500490922', 1, NULL, '2026-06-06 05:06:24'),
(34, 34, 1, '1907240026381', 0, NULL, 1, '2023515070930-28', 1, 'ID35110015241040823', 1, NULL, '2026-06-06 05:06:24'),
(35, 35, 1, '3103220008745', 0, NULL, 1, '5053515010855-27', 1, 'ID35110000155361021', 1, NULL, '2026-06-06 05:06:24'),
(36, 36, 1, '1408240109333', 0, NULL, 1, '2013515052629-30', 1, 'ID34210014475951223', 1, NULL, '2026-06-06 05:06:24'),
(37, 37, 1, '2609220057633', 0, NULL, 1, '2113515011063-28', 1, 'ID35110016571890324', 1, NULL, '2026-06-06 05:06:24'),
(38, 38, 1, '1209260051937', 0, NULL, 1, '2053523010281-27', 1, 'ID35110001861700323', 1, NULL, '2026-06-06 05:06:24'),
(39, 39, 1, '2508230014628', 0, NULL, 1, '2113515081411-29', 1, 'ID35110000437900622', 1, NULL, '2026-06-06 05:06:24'),
(40, 40, 1, '1310210022512', 0, NULL, 1, '2053515020021-27', 1, 'ID35410022050690525', 1, NULL, '2026-06-06 05:06:24'),
(41, 41, 1, '0604210005934', 0, NULL, 1, '2053515300551-27', 1, 'ID35110000525210822', 1, NULL, '2026-06-06 05:06:24'),
(42, 42, 1, '1711240037206', 0, NULL, 1, '5053515040727-30', 1, 'ID35110004993790523', 1, NULL, '2026-06-06 05:06:24'),
(43, 43, 1, '0235010000985', 0, NULL, 1, '2043515021156-31', 1, 'ID35110000149121021', 1, NULL, '2026-06-06 05:06:24'),
(44, 44, 1, '2907250041851', 0, NULL, 1, '2023515060847-29', 1, 'ID35110017384210526', 1, NULL, '2026-06-06 05:06:24'),
(45, 45, 1, '2907250041851', 0, NULL, 1, '2023515090617-29', 1, 'ID35110017384210526', 1, NULL, '2026-06-06 05:06:24'),
(46, 46, 1, '2907250041851', 0, NULL, 1, '2013515052700-29', 1, 'ID35110017384210526', 1, NULL, '2026-06-06 05:06:24'),
(47, 47, 1, '2502220012718', 0, NULL, 1, '2043515071627-30', 1, 'ID35110011943220923', 1, NULL, '2026-06-06 05:06:24'),
(48, 48, 1, '0306220029147', 0, NULL, 1, '6113515080639-27', 1, 'ID35110009688110923', 1, NULL, '2026-06-06 05:06:24'),
(49, 49, 1, '0306220029147', 0, NULL, 1, '6113515080612-27', 1, 'ID35110009688110923', 1, NULL, '2026-06-06 05:06:24'),
(50, 50, 1, '1239000433507', 0, NULL, 1, '2023578050658-27', 1, 'ID35410031888441025', 1, NULL, '2026-06-06 05:06:24');

-- --------------------------------------------------------
-- Dumping data for table `periode_kurasi`
-- --------------------------------------------------------

INSERT INTO `periode_kurasi` (`id_periode_kurasi`, `nama_periode`, `tanggal_kurasi`, `bulan`, `tahun`, `id_kurator`, `penanggung_jawab`, `status_kurasi`, `id_ahp_sesi`, `created_at`, `updated_at`) VALUES
(1, 'November 2025', '2025-11-17', 11, 2025, 2, 'Diskopum', 'selesai', 1, '2026-06-06 05:09:31', '2026-06-05 22:09:31');

-- --------------------------------------------------------
-- Dumping data for table `periode_alternatif`
-- --------------------------------------------------------

INSERT INTO `periode_alternatif` (`id_periode_alternatif`, `id_periode_kurasi`, `id_alternatif`, `status_lolos_legalitas`, `urutan_input`, `created_at`, `updated_at`) VALUES
(1, 1, 1, 1, NULL, '2026-06-06 05:35:22', '2026-06-05 22:35:22'),
(2, 1, 2, 1, NULL, '2026-06-06 05:35:22', '2026-06-05 22:35:22'),
(3, 1, 3, 1, NULL, '2026-06-06 05:35:22', '2026-06-05 22:35:22'),
(4, 1, 4, 1, NULL, '2026-06-06 05:35:22', '2026-06-05 22:35:22'),
(5, 1, 5, 1, NULL, '2026-06-06 05:35:22', '2026-06-05 22:35:22'),
(6, 1, 6, 1, NULL, '2026-06-06 05:35:22', '2026-06-05 22:35:22'),
(7, 1, 7, 1, NULL, '2026-06-06 05:35:22', '2026-06-05 22:35:22'),
(8, 1, 8, 1, NULL, '2026-06-06 05:35:22', '2026-06-05 22:35:22'),
(9, 1, 9, 1, NULL, '2026-06-06 05:35:22', '2026-06-05 22:35:22'),
(10, 1, 10, 1, NULL, '2026-06-06 05:35:22', '2026-06-05 22:35:22'),
(11, 1, 11, 1, NULL, '2026-06-06 05:35:22', '2026-06-05 22:35:22'),
(12, 1, 12, 1, NULL, '2026-06-06 05:35:22', '2026-06-05 22:35:22'),
(13, 1, 13, 1, NULL, '2026-06-06 05:35:22', '2026-06-05 22:35:22'),
(14, 1, 14, 1, NULL, '2026-06-06 05:35:22', '2026-06-05 22:35:22'),
(15, 1, 15, 1, NULL, '2026-06-06 05:35:22', '2026-06-05 22:35:22'),
(16, 1, 16, 1, NULL, '2026-06-06 05:35:22', '2026-06-05 22:35:22'),
(17, 1, 17, 1, NULL, '2026-06-06 05:35:22', '2026-06-05 22:35:22'),
(18, 1, 18, 1, NULL, '2026-06-06 05:35:22', '2026-06-05 22:35:22'),
(19, 1, 19, 1, NULL, '2026-06-06 05:35:22', '2026-06-05 22:35:22'),
(20, 1, 20, 1, NULL, '2026-06-06 05:35:22', '2026-06-05 22:35:22'),
(21, 1, 21, 1, NULL, '2026-06-06 05:35:22', '2026-06-05 22:35:22'),
(22, 1, 22, 1, NULL, '2026-06-06 05:35:22', '2026-06-05 22:35:22'),
(23, 1, 23, 1, NULL, '2026-06-06 05:35:22', '2026-06-05 22:35:22'),
(24, 1, 24, 1, NULL, '2026-06-06 05:35:22', '2026-06-05 22:35:22'),
(25, 1, 25, 1, NULL, '2026-06-06 05:35:22', '2026-06-05 22:35:22'),
(26, 1, 26, 1, NULL, '2026-06-06 05:35:22', '2026-06-05 22:35:22'),
(27, 1, 27, 1, NULL, '2026-06-06 05:35:22', '2026-06-05 22:35:22'),
(28, 1, 28, 1, NULL, '2026-06-06 05:35:22', '2026-06-05 22:35:22'),
(29, 1, 29, 1, NULL, '2026-06-06 05:35:22', '2026-06-05 22:35:22'),
(30, 1, 30, 1, NULL, '2026-06-06 05:35:22', '2026-06-05 22:35:22'),
(31, 1, 31, 1, NULL, '2026-06-06 05:35:22', '2026-06-05 22:35:22'),
(32, 1, 32, 1, NULL, '2026-06-06 05:35:22', '2026-06-05 22:35:22'),
(33, 1, 33, 1, NULL, '2026-06-06 05:35:22', '2026-06-05 22:35:22'),
(34, 1, 34, 1, NULL, '2026-06-06 05:35:22', '2026-06-05 22:35:22'),
(35, 1, 35, 1, NULL, '2026-06-06 05:35:22', '2026-06-05 22:35:22'),
(36, 1, 36, 1, NULL, '2026-06-06 05:35:22', '2026-06-05 22:35:22'),
(37, 1, 37, 1, NULL, '2026-06-06 05:35:22', '2026-06-05 22:35:22'),
(38, 1, 38, 1, NULL, '2026-06-06 05:35:22', '2026-06-05 22:35:22'),
(39, 1, 39, 1, NULL, '2026-06-06 05:35:22', '2026-06-05 22:35:22'),
(40, 1, 40, 1, NULL, '2026-06-06 05:35:22', '2026-06-05 22:35:22'),
(41, 1, 41, 1, NULL, '2026-06-06 05:35:22', '2026-06-05 22:35:22'),
(42, 1, 42, 1, NULL, '2026-06-06 05:35:22', '2026-06-05 22:35:22'),
(43, 1, 43, 1, NULL, '2026-06-06 05:35:22', '2026-06-05 22:35:22'),
(44, 1, 44, 1, NULL, '2026-06-06 05:35:22', '2026-06-05 22:35:22'),
(45, 1, 45, 1, NULL, '2026-06-06 05:35:22', '2026-06-05 22:35:22'),
(46, 1, 46, 1, NULL, '2026-06-06 05:35:22', '2026-06-05 22:35:22'),
(47, 1, 47, 1, NULL, '2026-06-06 05:35:22', '2026-06-05 22:35:22'),
(48, 1, 48, 1, NULL, '2026-06-06 05:35:22', '2026-06-05 22:35:22'),
(49, 1, 49, 1, NULL, '2026-06-06 05:35:22', '2026-06-05 22:35:22'),
(50, 1, 50, 1, NULL, '2026-06-06 05:35:22', '2026-06-05 22:35:22');

-- --------------------------------------------------------
-- Dumping data for table `penilaian_kurasi`
-- --------------------------------------------------------

INSERT INTO `penilaian_kurasi` (`id_periode_alternatif`,`id_kriteria`,`nilai_input`,`dinilai_oleh`,`created_at`,`updated_at`) VALUES
(1,1,5,2,NOW(),NOW()),
(1,2,4,2,NOW(),NOW()),
(1,3,3,2,NOW(),NOW()),
(1,4,3,2,NOW(),NOW()),
(1,5,5,2,NOW(),NOW()),
(1,6,4,2,NOW(),NOW()),
(1,7,5,2,NOW(),NOW()),
(1,8,4,2,NOW(),NOW()),
(1,9,4,2,NOW(),NOW()),
(2,1,5,2,NOW(),NOW()),
(2,2,3,2,NOW(),NOW()),
(2,3,3,2,NOW(),NOW()),
(2,4,4,2,NOW(),NOW()),
(2,5,5,2,NOW(),NOW()),
(2,6,3,2,NOW(),NOW()),
(2,7,4,2,NOW(),NOW()),
(2,8,3,2,NOW(),NOW()),
(2,9,3,2,NOW(),NOW()),
(3,1,3,2,NOW(),NOW()),
(3,2,3,2,NOW(),NOW()),
(3,3,3,2,NOW(),NOW()),
(3,4,3,2,NOW(),NOW()),
(3,5,5,2,NOW(),NOW()),
(3,6,3,2,NOW(),NOW()),
(3,7,4,2,NOW(),NOW()),
(3,8,3,2,NOW(),NOW()),
(3,9,3,2,NOW(),NOW()),
(4,1,5,2,NOW(),NOW()),
(4,2,3,2,NOW(),NOW()),
(4,3,3,2,NOW(),NOW()),
(4,4,3,2,NOW(),NOW()),
(4,5,5,2,NOW(),NOW()),
(4,6,3,2,NOW(),NOW()),
(4,7,4,2,NOW(),NOW()),
(4,8,4,2,NOW(),NOW()),
(4,9,3,2,NOW(),NOW()),
(5,1,3,2,NOW(),NOW()),
(5,2,4,2,NOW(),NOW()),
(5,3,3,2,NOW(),NOW()),
(5,4,4,2,NOW(),NOW()),
(5,5,5,2,NOW(),NOW()),
(5,6,4,2,NOW(),NOW()),
(5,7,5,2,NOW(),NOW()),
(5,8,4,2,NOW(),NOW()),
(5,9,4,2,NOW(),NOW()),
(6,1,3,2,NOW(),NOW()),
(6,2,3,2,NOW(),NOW()),
(6,3,2,2,NOW(),NOW()),
(6,4,4,2,NOW(),NOW()),
(6,5,5,2,NOW(),NOW()),
(6,6,1,2,NOW(),NOW()),
(6,7,3,2,NOW(),NOW()),
(6,8,3,2,NOW(),NOW()),
(6,9,3,2,NOW(),NOW()),
(7,1,4,2,NOW(),NOW()),
(7,2,5,2,NOW(),NOW()),
(7,3,3,2,NOW(),NOW()),
(7,4,3,2,NOW(),NOW()),
(7,5,5,2,NOW(),NOW()),
(7,6,4,2,NOW(),NOW()),
(7,7,4,2,NOW(),NOW()),
(7,8,4,2,NOW(),NOW()),
(7,9,4,2,NOW(),NOW()),
(8,1,4,2,NOW(),NOW()),
(8,2,4,2,NOW(),NOW()),
(8,3,4,2,NOW(),NOW()),
(8,4,3,2,NOW(),NOW()),
(8,5,5,2,NOW(),NOW()),
(8,6,5,2,NOW(),NOW()),
(8,7,5,2,NOW(),NOW()),
(8,8,5,2,NOW(),NOW()),
(8,9,5,2,NOW(),NOW()),
(9,1,5,2,NOW(),NOW()),
(9,2,5,2,NOW(),NOW()),
(9,3,4,2,NOW(),NOW()),
(9,4,4,2,NOW(),NOW()),
(9,5,5,2,NOW(),NOW()),
(9,6,5,2,NOW(),NOW()),
(9,7,5,2,NOW(),NOW()),
(9,8,5,2,NOW(),NOW()),
(9,9,5,2,NOW(),NOW()),
(10,1,5,2,NOW(),NOW()),
(10,2,4,2,NOW(),NOW()),
(10,3,4,2,NOW(),NOW()),
(10,4,4,2,NOW(),NOW()),
(10,5,5,2,NOW(),NOW()),
(10,6,4,2,NOW(),NOW()),
(10,7,4,2,NOW(),NOW()),
(10,8,4,2,NOW(),NOW()),
(10,9,4,2,NOW(),NOW()),
(11,1,3,2,NOW(),NOW()),
(11,2,3,2,NOW(),NOW()),
(11,3,4,2,NOW(),NOW()),
(11,4,3,2,NOW(),NOW()),
(11,5,5,2,NOW(),NOW()),
(11,6,4,2,NOW(),NOW()),
(11,7,4,2,NOW(),NOW()),
(11,8,4,2,NOW(),NOW()),
(11,9,4,2,NOW(),NOW()),
(12,1,5,2,NOW(),NOW()),
(12,2,4,2,NOW(),NOW()),
(12,3,4,2,NOW(),NOW()),
(12,4,3,2,NOW(),NOW()),
(12,5,5,2,NOW(),NOW()),
(12,6,5,2,NOW(),NOW()),
(12,7,5,2,NOW(),NOW()),
(12,8,5,2,NOW(),NOW()),
(12,9,5,2,NOW(),NOW()),
(13,1,5,2,NOW(),NOW()),
(13,2,5,2,NOW(),NOW()),
(13,3,5,2,NOW(),NOW()),
(13,4,4,2,NOW(),NOW()),
(13,5,5,2,NOW(),NOW()),
(13,6,5,2,NOW(),NOW()),
(13,7,5,2,NOW(),NOW()),
(13,8,5,2,NOW(),NOW()),
(13,9,5,2,NOW(),NOW()),
(14,1,4,2,NOW(),NOW()),
(14,2,5,2,NOW(),NOW()),
(14,3,5,2,NOW(),NOW()),
(14,4,4,2,NOW(),NOW()),
(14,5,5,2,NOW(),NOW()),
(14,6,5,2,NOW(),NOW()),
(14,7,5,2,NOW(),NOW()),
(14,8,5,2,NOW(),NOW()),
(14,9,5,2,NOW(),NOW()),
(15,1,5,2,NOW(),NOW()),
(15,2,5,2,NOW(),NOW()),
(15,3,4,2,NOW(),NOW()),
(15,4,4,2,NOW(),NOW()),
(15,5,5,2,NOW(),NOW()),
(15,6,5,2,NOW(),NOW()),
(15,7,5,2,NOW(),NOW()),
(15,8,5,2,NOW(),NOW()),
(15,9,5,2,NOW(),NOW()),
(16,1,4,2,NOW(),NOW()),
(16,2,5,2,NOW(),NOW()),
(16,3,4,2,NOW(),NOW()),
(16,4,4,2,NOW(),NOW()),
(16,5,5,2,NOW(),NOW()),
(16,6,5,2,NOW(),NOW()),
(16,7,5,2,NOW(),NOW()),
(16,8,5,2,NOW(),NOW()),
(16,9,5,2,NOW(),NOW()),
(17,1,5,2,NOW(),NOW()),
(17,2,5,2,NOW(),NOW()),
(17,3,4,2,NOW(),NOW()),
(17,4,4,2,NOW(),NOW()),
(17,5,5,2,NOW(),NOW()),
(17,6,5,2,NOW(),NOW()),
(17,7,5,2,NOW(),NOW()),
(17,8,5,2,NOW(),NOW()),
(17,9,5,2,NOW(),NOW()),
(18,1,3,2,NOW(),NOW()),
(18,2,3,2,NOW(),NOW()),
(18,3,2,2,NOW(),NOW()),
(18,4,4,2,NOW(),NOW()),
(18,5,5,2,NOW(),NOW()),
(18,6,1,2,NOW(),NOW()),
(18,7,3,2,NOW(),NOW()),
(18,8,3,2,NOW(),NOW()),
(18,9,3,2,NOW(),NOW()),
(19,1,5,2,NOW(),NOW()),
(19,2,4,2,NOW(),NOW()),
(19,3,3,2,NOW(),NOW()),
(19,4,4,2,NOW(),NOW()),
(19,5,5,2,NOW(),NOW()),
(19,6,1,2,NOW(),NOW()),
(19,7,3,2,NOW(),NOW()),
(19,8,3,2,NOW(),NOW()),
(19,9,2,2,NOW(),NOW()),
(20,1,5,2,NOW(),NOW()),
(20,2,5,2,NOW(),NOW()),
(20,3,4,2,NOW(),NOW()),
(20,4,4,2,NOW(),NOW()),
(20,5,5,2,NOW(),NOW()),
(20,6,5,2,NOW(),NOW()),
(20,7,5,2,NOW(),NOW()),
(20,8,5,2,NOW(),NOW()),
(20,9,5,2,NOW(),NOW()),
(21,1,4,2,NOW(),NOW()),
(21,2,3,2,NOW(),NOW()),
(21,3,3,2,NOW(),NOW()),
(21,4,4,2,NOW(),NOW()),
(21,5,5,2,NOW(),NOW()),
(21,6,1,2,NOW(),NOW()),
(21,7,3,2,NOW(),NOW()),
(21,8,3,2,NOW(),NOW()),
(21,9,3,2,NOW(),NOW()),
(22,1,4,2,NOW(),NOW()),
(22,2,3,2,NOW(),NOW()),
(22,3,2,2,NOW(),NOW()),
(22,4,4,2,NOW(),NOW()),
(22,5,5,2,NOW(),NOW()),
(22,6,1,2,NOW(),NOW()),
(22,7,3,2,NOW(),NOW()),
(22,8,3,2,NOW(),NOW()),
(22,9,3,2,NOW(),NOW()),
(23,1,4,2,NOW(),NOW()),
(23,2,4,2,NOW(),NOW()),
(23,3,3,2,NOW(),NOW()),
(23,4,3,2,NOW(),NOW()),
(23,5,5,2,NOW(),NOW()),
(23,6,1,2,NOW(),NOW()),
(23,7,3,2,NOW(),NOW()),
(23,8,3,2,NOW(),NOW()),
(23,9,2,2,NOW(),NOW()),
(24,1,5,2,NOW(),NOW()),
(24,2,5,2,NOW(),NOW()),
(24,3,4,2,NOW(),NOW()),
(24,4,4,2,NOW(),NOW()),
(24,5,5,2,NOW(),NOW()),
(24,6,5,2,NOW(),NOW()),
(24,7,5,2,NOW(),NOW()),
(24,8,5,2,NOW(),NOW()),
(24,9,5,2,NOW(),NOW()),
(25,1,3,2,NOW(),NOW()),
(25,2,4,2,NOW(),NOW()),
(25,3,3,2,NOW(),NOW()),
(25,4,3,2,NOW(),NOW()),
(25,5,5,2,NOW(),NOW()),
(25,6,4,2,NOW(),NOW()),
(25,7,4,2,NOW(),NOW()),
(25,8,3,2,NOW(),NOW()),
(25,9,4,2,NOW(),NOW()),
(26,1,5,2,NOW(),NOW()),
(26,2,3,2,NOW(),NOW()),
(26,3,4,2,NOW(),NOW()),
(26,4,4,2,NOW(),NOW()),
(26,5,5,2,NOW(),NOW()),
(26,6,4,2,NOW(),NOW()),
(26,7,4,2,NOW(),NOW()),
(26,8,4,2,NOW(),NOW()),
(26,9,4,2,NOW(),NOW()),
(27,1,5,2,NOW(),NOW()),
(27,2,4,2,NOW(),NOW()),
(27,3,3,2,NOW(),NOW()),
(27,4,4,2,NOW(),NOW()),
(27,5,5,2,NOW(),NOW()),
(27,6,5,2,NOW(),NOW()),
(27,7,5,2,NOW(),NOW()),
(27,8,5,2,NOW(),NOW()),
(27,9,5,2,NOW(),NOW()),
(28,1,5,2,NOW(),NOW()),
(28,2,5,2,NOW(),NOW()),
(28,3,4,2,NOW(),NOW()),
(28,4,4,2,NOW(),NOW()),
(28,5,5,2,NOW(),NOW()),
(28,6,5,2,NOW(),NOW()),
(28,7,5,2,NOW(),NOW()),
(28,8,4,2,NOW(),NOW()),
(28,9,5,2,NOW(),NOW()),
(29,1,3,2,NOW(),NOW()),
(29,2,4,2,NOW(),NOW()),
(29,3,3,2,NOW(),NOW()),
(29,4,4,2,NOW(),NOW()),
(29,5,5,2,NOW(),NOW()),
(29,6,1,2,NOW(),NOW()),
(29,7,3,2,NOW(),NOW()),
(29,8,3,2,NOW(),NOW()),
(29,9,3,2,NOW(),NOW()),
(30,1,5,2,NOW(),NOW()),
(30,2,3,2,NOW(),NOW()),
(30,3,2,2,NOW(),NOW()),
(30,4,4,2,NOW(),NOW()),
(30,5,5,2,NOW(),NOW()),
(30,6,1,2,NOW(),NOW()),
(30,7,3,2,NOW(),NOW()),
(30,8,3,2,NOW(),NOW()),
(30,9,3,2,NOW(),NOW()),
(31,1,5,2,NOW(),NOW()),
(31,2,5,2,NOW(),NOW()),
(31,3,4,2,NOW(),NOW()),
(31,4,4,2,NOW(),NOW()),
(31,5,5,2,NOW(),NOW()),
(31,6,4,2,NOW(),NOW()),
(31,7,4,2,NOW(),NOW()),
(31,8,4,2,NOW(),NOW()),
(31,9,4,2,NOW(),NOW()),
(32,1,3,2,NOW(),NOW()),
(32,2,4,2,NOW(),NOW()),
(32,3,4,2,NOW(),NOW()),
(32,4,5,2,NOW(),NOW()),
(32,5,5,2,NOW(),NOW()),
(32,6,5,2,NOW(),NOW()),
(32,7,5,2,NOW(),NOW()),
(32,8,5,2,NOW(),NOW()),
(32,9,5,2,NOW(),NOW()),
(33,1,5,2,NOW(),NOW()),
(33,2,4,2,NOW(),NOW()),
(33,3,4,2,NOW(),NOW()),
(33,4,3,2,NOW(),NOW()),
(33,5,5,2,NOW(),NOW()),
(33,6,5,2,NOW(),NOW()),
(33,7,5,2,NOW(),NOW()),
(33,8,5,2,NOW(),NOW()),
(33,9,5,2,NOW(),NOW()),
(34,1,4,2,NOW(),NOW()),
(34,2,5,2,NOW(),NOW()),
(34,3,4,2,NOW(),NOW()),
(34,4,4,2,NOW(),NOW()),
(34,5,5,2,NOW(),NOW()),
(34,6,5,2,NOW(),NOW()),
(34,7,5,2,NOW(),NOW()),
(34,8,5,2,NOW(),NOW()),
(34,9,5,2,NOW(),NOW()),
(35,1,3,2,NOW(),NOW()),
(35,2,5,2,NOW(),NOW()),
(35,3,4,2,NOW(),NOW()),
(35,4,4,2,NOW(),NOW()),
(35,5,5,2,NOW(),NOW()),
(35,6,5,2,NOW(),NOW()),
(35,7,5,2,NOW(),NOW()),
(35,8,5,2,NOW(),NOW()),
(35,9,5,2,NOW(),NOW()),
(36,1,5,2,NOW(),NOW()),
(36,2,4,2,NOW(),NOW()),
(36,3,4,2,NOW(),NOW()),
(36,4,3,2,NOW(),NOW()),
(36,5,5,2,NOW(),NOW()),
(36,6,4,2,NOW(),NOW()),
(36,7,4,2,NOW(),NOW()),
(36,8,3,2,NOW(),NOW()),
(36,9,3,2,NOW(),NOW()),
(37,1,3,2,NOW(),NOW()),
(37,2,3,2,NOW(),NOW()),
(37,3,3,2,NOW(),NOW()),
(37,4,4,2,NOW(),NOW()),
(37,5,5,2,NOW(),NOW()),
(37,6,4,2,NOW(),NOW()),
(37,7,4,2,NOW(),NOW()),
(37,8,3,2,NOW(),NOW()),
(37,9,4,2,NOW(),NOW()),
(38,1,4,2,NOW(),NOW()),
(38,2,3,2,NOW(),NOW()),
(38,3,3,2,NOW(),NOW()),
(38,4,3,2,NOW(),NOW()),
(38,5,5,2,NOW(),NOW()),
(38,6,1,2,NOW(),NOW()),
(38,7,3,2,NOW(),NOW()),
(38,8,3,2,NOW(),NOW()),
(38,9,3,2,NOW(),NOW()),
(39,1,3,2,NOW(),NOW()),
(39,2,5,2,NOW(),NOW()),
(39,3,4,2,NOW(),NOW()),
(39,4,4,2,NOW(),NOW()),
(39,5,5,2,NOW(),NOW()),
(39,6,5,2,NOW(),NOW()),
(39,7,5,2,NOW(),NOW()),
(39,8,5,2,NOW(),NOW()),
(39,9,5,2,NOW(),NOW()),
(40,1,5,2,NOW(),NOW()),
(40,2,4,2,NOW(),NOW()),
(40,3,4,2,NOW(),NOW()),
(40,4,5,2,NOW(),NOW()),
(40,5,5,2,NOW(),NOW()),
(40,6,5,2,NOW(),NOW()),
(40,7,5,2,NOW(),NOW()),
(40,8,4,2,NOW(),NOW()),
(40,9,5,2,NOW(),NOW()),
(41,1,3,2,NOW(),NOW()),
(41,2,3,2,NOW(),NOW()),
(41,3,3,2,NOW(),NOW()),
(41,4,3,2,NOW(),NOW()),
(41,5,5,2,NOW(),NOW()),
(41,6,4,2,NOW(),NOW()),
(41,7,4,2,NOW(),NOW()),
(41,8,4,2,NOW(),NOW()),
(41,9,4,2,NOW(),NOW()),
(42,1,5,2,NOW(),NOW()),
(42,2,3,2,NOW(),NOW()),
(42,3,3,2,NOW(),NOW()),
(42,4,4,2,NOW(),NOW()),
(42,5,5,2,NOW(),NOW()),
(42,6,4,2,NOW(),NOW()),
(42,7,4,2,NOW(),NOW()),
(42,8,4,2,NOW(),NOW()),
(42,9,4,2,NOW(),NOW()),
(43,1,5,2,NOW(),NOW()),
(43,2,2,2,NOW(),NOW()),
(43,3,3,2,NOW(),NOW()),
(43,4,2,2,NOW(),NOW()),
(43,5,5,2,NOW(),NOW()),
(43,6,4,2,NOW(),NOW()),
(43,7,4,2,NOW(),NOW()),
(43,8,4,2,NOW(),NOW()),
(43,9,4,2,NOW(),NOW()),
(44,1,3,2,NOW(),NOW()),
(44,2,4,2,NOW(),NOW()),
(44,3,3,2,NOW(),NOW()),
(44,4,3,2,NOW(),NOW()),
(44,5,5,2,NOW(),NOW()),
(44,6,5,2,NOW(),NOW()),
(44,7,5,2,NOW(),NOW()),
(44,8,4,2,NOW(),NOW()),
(44,9,3,2,NOW(),NOW()),
(45,1,4,2,NOW(),NOW()),
(45,2,4,2,NOW(),NOW()),
(45,3,4,2,NOW(),NOW()),
(45,4,3,2,NOW(),NOW()),
(45,5,5,2,NOW(),NOW()),
(45,6,5,2,NOW(),NOW()),
(45,7,5,2,NOW(),NOW()),
(45,8,5,2,NOW(),NOW()),
(45,9,4,2,NOW(),NOW()),
(46,1,4,2,NOW(),NOW()),
(46,2,3,2,NOW(),NOW()),
(46,3,4,2,NOW(),NOW()),
(46,4,3,2,NOW(),NOW()),
(46,5,5,2,NOW(),NOW()),
(46,6,4,2,NOW(),NOW()),
(46,7,5,2,NOW(),NOW()),
(46,8,4,2,NOW(),NOW()),
(46,9,3,2,NOW(),NOW()),
(47,1,4,2,NOW(),NOW()),
(47,2,3,2,NOW(),NOW()),
(47,3,3,2,NOW(),NOW()),
(47,4,4,2,NOW(),NOW()),
(47,5,5,2,NOW(),NOW()),
(47,6,1,2,NOW(),NOW()),
(47,7,3,2,NOW(),NOW()),
(47,8,3,2,NOW(),NOW()),
(47,9,3,2,NOW(),NOW()),
(48,1,5,2,NOW(),NOW()),
(48,2,2,2,NOW(),NOW()),
(48,3,2,2,NOW(),NOW()),
(48,4,5,2,NOW(),NOW()),
(48,5,5,2,NOW(),NOW()),
(48,6,1,2,NOW(),NOW()),
(48,7,3,2,NOW(),NOW()),
(48,8,3,2,NOW(),NOW()),
(48,9,3,2,NOW(),NOW()),
(49,1,3,2,NOW(),NOW()),
(49,2,2,2,NOW(),NOW()),
(49,3,2,2,NOW(),NOW()),
(49,4,5,2,NOW(),NOW()),
(49,5,5,2,NOW(),NOW()),
(49,6,1,2,NOW(),NOW()),
(49,7,3,2,NOW(),NOW()),
(49,8,3,2,NOW(),NOW()),
(49,9,3,2,NOW(),NOW()),
(50,1,4,2,NOW(),NOW()),
(50,2,4,2,NOW(),NOW()),
(50,3,3,2,NOW(),NOW()),
(50,4,3,2,NOW(),NOW()),
(50,5,5,2,NOW(),NOW()),
(50,6,4,2,NOW(),NOW()),
(50,7,4,2,NOW(),NOW()),
(50,8,4,2,NOW(),NOW()),
(50,9,4,2,NOW(),NOW());

SET FOREIGN_KEY_CHECKS = 1;
COMMIT;

/*!40101 SET CHARACTER_SET_CLIENT=@OLD_CHARACTER_SET_CLIENT */;
/*!40101 SET CHARACTER_SET_RESULTS=@OLD_CHARACTER_SET_RESULTS */;
/*!40101 SET COLLATION_CONNECTION=@OLD_COLLATION_CONNECTION */;